-- --------------------------------------------------------
-- Host:                         localhost
-- Server version:               10.1.38-MariaDB - mariadb.org binary distribution
-- Server OS:                    Win64
-- HeidiSQL Version:             10.2.0.5599
-- --------------------------------------------------------

/*!40101 SET @OLD_CHARACTER_SET_CLIENT=@@CHARACTER_SET_CLIENT */;
/*!40101 SET NAMES utf8 */;
/*!50503 SET NAMES utf8mb4 */;
/*!40014 SET @OLD_FOREIGN_KEY_CHECKS=@@FOREIGN_KEY_CHECKS, FOREIGN_KEY_CHECKS=0 */;
/*!40101 SET @OLD_SQL_MODE=@@SQL_MODE, SQL_MODE='NO_AUTO_VALUE_ON_ZERO' */;


-- Dumping database structure for facturingpos
CREATE DATABASE IF NOT EXISTS `facturingpos` /*!40100 DEFAULT CHARACTER SET utf8 */;
USE `facturingpos`;

-- Dumping structure for table facturingpos.categorias
CREATE TABLE IF NOT EXISTS `categorias` (
  `cod_categoria` char(10) NOT NULL,
  `nombre` varchar(30) NOT NULL,
  `fecha` timestamp NULL DEFAULT CURRENT_TIMESTAMP,
  PRIMARY KEY (`cod_categoria`)
) ENGINE=InnoDB DEFAULT CHARSET=utf8;

-- Dumping data for table facturingpos.categorias: ~8 rows (approximately)
/*!40000 ALTER TABLE `categorias` DISABLE KEYS */;
INSERT INTO `categorias` (`cod_categoria`, `nombre`, `fecha`) VALUES
	('CAT-19100', 'Equipos Electromecánicos', '2017-12-21 21:53:00'),
	('CAT-19101', 'Taladros', '2017-12-21 21:53:00'),
	('CAT-19102', 'Andamios', '2017-12-21 21:53:00'),
	('CAT-19103', 'Generadores de energía', '2017-12-21 21:53:00'),
	('CAT-19104', 'Equipos para construcción', '2017-12-21 21:53:00'),
	('CAT-19105', 'Martillos mecánicos', '2017-12-22 00:06:00'),
	('CAT-19106', 'HERRAMIENTAS VARIADAS', '2019-05-18 17:40:00'),
	('CAT-19107', 'VARIAS', '2019-11-26 16:04:51');
/*!40000 ALTER TABLE `categorias` ENABLE KEYS */;

-- Dumping structure for table facturingpos.clientes
CREATE TABLE IF NOT EXISTS `clientes` (
  `cod_cliente` char(10) NOT NULL,
  `nombre` varchar(30) NOT NULL,
  `apellidos` varchar(50) NOT NULL,
  `identificacion` char(9) NOT NULL,
  `fecha_nacimiento` date DEFAULT NULL,
  `correo` varchar(50) NOT NULL,
  `telefono` char(9) NOT NULL,
  `direccion` varchar(100) DEFAULT NULL,
  `fecha` timestamp NULL DEFAULT CURRENT_TIMESTAMP,
  `sexo` char(1) DEFAULT 'M',
  `cod_identificacion` int(11) DEFAULT NULL,
  PRIMARY KEY (`cod_cliente`),
  UNIQUE KEY `identificacion_UNIQUE111` (`identificacion`),
  KEY `cod_identificacion_FK_idx` (`cod_identificacion`),
  CONSTRAINT `scod_identificacion` FOREIGN KEY (`cod_identificacion`) REFERENCES `identificacion` (`cod_identificacion`) ON DELETE NO ACTION ON UPDATE CASCADE
) ENGINE=InnoDB DEFAULT CHARSET=utf8;

-- Dumping data for table facturingpos.clientes: ~15 rows (approximately)
/*!40000 ALTER TABLE `clientes` DISABLE KEYS */;
INSERT INTO `clientes` (`cod_cliente`, `nombre`, `apellidos`, `identificacion`, `fecha_nacimiento`, `correo`, `telefono`, `direccion`, `fecha`, `sexo`, `cod_identificacion`) VALUES
	('CLI-19102', 'Morna', 'PEREZ', '40221W483', '1991-11-25', 'Morna@correo.com', '674987708', 'tarragona', '2019-11-19 10:35:00', 'F', 2),
	('CLI-19103', 'Morgana', 'LOPEZ', '40D211483', '1991-11-26', 'Morgana@correo.com', '674987708', 'madrid', '2019-11-20 10:35:00', 'F', 2),
	('CLI-19104', 'Mirna', 'RODRIGUEZ', '40S211483', '1991-11-27', 'Mirna@correo.com', '674987708', 'barcelona', '2019-11-21 10:35:00', 'M', 1),
	('CLI-19105', 'Myrna', 'MARTINEZ', '402S11483', '1991-11-28', 'Myrna@correo.com', '674987708', 'girona', '2019-11-22 10:35:00', 'M', 2),
	('CLI-19106', 'Merlín', 'SANCHEZ', '402211423', '1991-11-29', 'Merlín@correo.com', '674987708', 'tarragona', '2019-11-23 10:35:00', 'F', 2),
	('CLI-19107', 'Malcolm', 'GOMEZ', '402431483', '1991-11-30', 'Malcolm@correo.com', '674987708', 'madrid', '2019-11-24 10:35:00', 'F', 2),
	('CLI-19108', 'Junípero', 'ALVAREZ', '402265483', '1991-12-01', 'Junípero@correo.com', '674987708', 'barcelona', '2019-11-25 10:35:00', 'M', 2),
	('CLI-19109', 'Ginebro', 'MARTIN', '402215483', '1991-12-02', 'Ginebro@correo.com', '674987708', 'girona', '2019-11-26 10:35:00', 'M', 2),
	('CLI-19110', 'Gwendolina', 'DIAZ', '4021483', '1991-12-03', 'Gwendolina@correo.com', '674987708', 'tarragona', '2019-11-27 10:35:00', 'F', 1),
	('CLI-19111', 'Guvendolina', 'ALONSO', '402217483', '1991-12-04', 'Guvendolina@correo.com', '674987708', 'madrid', '2019-11-28 10:35:00', 'F', 2),
	('CLI-19112', 'Güendolina', 'RUIZ', '125', '1991-12-05', 'Güendolina@correo.com', '674987708', 'barcelona', '2019-11-29 10:35:00', 'M', 1),
	('CLI-19113', 'Ginebra', 'HERNANDEZ', '4789', '1991-12-06', 'Ginebra@correo.com', '674987708', 'girona', '2019-11-30 10:35:00', 'M', 1),
	('CLI-19114', 'Conan', 'GUTIERREZ', '5787', '1991-12-07', 'Conan@correo.com', '674987708', 'tarragona', '2019-12-01 10:35:00', 'F', 2),
	('CLI-19115', 'Brian', 'BLANCO', '402298483', '1991-12-08', 'Brian@correo.com', '674987708', 'madrid', '2019-12-02 10:35:00', 'F', 2),
	('CLI-19116', 'Kenneth', 'GONZALEZ', '2318946', '1991-11-23', 'Kenneth@correo.com', '674987708', 'barcelona', '2019-11-17 10:35:00', 'M', 1),
	('CLI-19117', 'Socreates Esmelin', 'Rivas sierra', '549874835', '2019-12-25', 'fabiola@gmail.com', '798465', 'invimosa', '2019-12-03 22:34:17', 'M', 1);
/*!40000 ALTER TABLE `clientes` ENABLE KEYS */;

-- Dumping structure for table facturingpos.compras
CREATE TABLE IF NOT EXISTS `compras` (
  `cod_compra` char(10) NOT NULL,
  `cod_vendedor` char(10) NOT NULL,
  `cod_modo_pago` int(11) NOT NULL,
  `total` decimal(8,2) NOT NULL,
  `iva` float NOT NULL,
  `fecha` timestamp NULL DEFAULT CURRENT_TIMESTAMP,
  `fecha_modificacion` timestamp NULL DEFAULT NULL,
  `cod_usuario` char(10) NOT NULL,
  `tipo` varchar(20) DEFAULT NULL,
  PRIMARY KEY (`cod_compra`),
  KEY `cod_usuario_FK_idx` (`cod_usuario`),
  KEY `cod_modo_pago_FK_idx` (`cod_modo_pago`),
  CONSTRAINT `cod_modo_pago_FK` FOREIGN KEY (`cod_modo_pago`) REFERENCES `modo_pago` (`cod_modo_pago`) ON DELETE NO ACTION ON UPDATE CASCADE,
  CONSTRAINT `cod_usuario_FK` FOREIGN KEY (`cod_usuario`) REFERENCES `usuarios` (`cod_usuario`) ON DELETE NO ACTION ON UPDATE CASCADE
) ENGINE=InnoDB DEFAULT CHARSET=utf8;

-- Dumping data for table facturingpos.compras: ~0 rows (approximately)
/*!40000 ALTER TABLE `compras` DISABLE KEYS */;
/*!40000 ALTER TABLE `compras` ENABLE KEYS */;

-- Dumping structure for table facturingpos.identificacion
CREATE TABLE IF NOT EXISTS `identificacion` (
  `cod_identificacion` int(11) NOT NULL AUTO_INCREMENT,
  `descripcion` varchar(45) DEFAULT NULL,
  PRIMARY KEY (`cod_identificacion`)
) ENGINE=InnoDB AUTO_INCREMENT=3 DEFAULT CHARSET=utf8;

-- Dumping data for table facturingpos.identificacion: ~2 rows (approximately)
/*!40000 ALTER TABLE `identificacion` DISABLE KEYS */;
INSERT INTO `identificacion` (`cod_identificacion`, `descripcion`) VALUES
	(1, 'DNI'),
	(2, 'Pasaporte');
/*!40000 ALTER TABLE `identificacion` ENABLE KEYS */;

-- Dumping structure for table facturingpos.modo_pago
CREATE TABLE IF NOT EXISTS `modo_pago` (
  `cod_modo_pago` int(11) NOT NULL AUTO_INCREMENT,
  `descripcion` varchar(30) NOT NULL,
  PRIMARY KEY (`cod_modo_pago`)
) ENGINE=InnoDB AUTO_INCREMENT=3 DEFAULT CHARSET=utf8;

-- Dumping data for table facturingpos.modo_pago: ~2 rows (approximately)
/*!40000 ALTER TABLE `modo_pago` DISABLE KEYS */;
INSERT INTO `modo_pago` (`cod_modo_pago`, `descripcion`) VALUES
	(1, 'Efectivo'),
	(2, 'Tarjeta');
/*!40000 ALTER TABLE `modo_pago` ENABLE KEYS */;

-- Dumping structure for table facturingpos.privilegios
CREATE TABLE IF NOT EXISTS `privilegios` (
  `cod_privilegio` int(11) NOT NULL AUTO_INCREMENT,
  `descripcion` varchar(30) NOT NULL,
  PRIMARY KEY (`cod_privilegio`)
) ENGINE=InnoDB AUTO_INCREMENT=4 DEFAULT CHARSET=utf8;

-- Dumping data for table facturingpos.privilegios: ~3 rows (approximately)
/*!40000 ALTER TABLE `privilegios` DISABLE KEYS */;
INSERT INTO `privilegios` (`cod_privilegio`, `descripcion`) VALUES
	(1, 'admin'),
	(2, 'vendedor'),
	(3, 'especial');
/*!40000 ALTER TABLE `privilegios` ENABLE KEYS */;

-- Dumping structure for table facturingpos.productos
CREATE TABLE IF NOT EXISTS `productos` (
  `cod_producto` char(10) NOT NULL,
  `nombre` varchar(30) NOT NULL,
  `descripcion` text,
  `precio` decimal(8,2) NOT NULL,
  `costo` decimal(8,2) NOT NULL,
  `stock` int(11) DEFAULT NULL,
  `cod_categoria` char(10) DEFAULT NULL,
  `foto` text,
  `fecha` timestamp NULL DEFAULT CURRENT_TIMESTAMP,
  PRIMARY KEY (`cod_producto`),
  KEY `cod_categoria` (`cod_categoria`),
  CONSTRAINT `productos_ibfk_1` FOREIGN KEY (`cod_categoria`) REFERENCES `categorias` (`cod_categoria`)
) ENGINE=InnoDB DEFAULT CHARSET=utf8;

-- Dumping data for table facturingpos.productos: ~60 rows (approximately)
/*!40000 ALTER TABLE `productos` DISABLE KEYS */;
INSERT INTO `productos` (`cod_producto`, `nombre`, `descripcion`, `precio`, `costo`, `stock`, `cod_categoria`, `foto`, `fecha`) VALUES
	('PRO-19100', 'Aspiradora Industrial', 'a', 1200.00, 1000.00, 0, 'CAT-19100', 'modulos/producto/fotos/105.png', '2019-10-24 18:55:00'),
	('PRO-19102', 'Plato Flotante para Allanadora', 'a', 6300.00, 4500.00, 0, 'CAT-19100', 'modulos/producto/fotos/940.jpg', '2019-10-24 18:55:00'),
	('PRO-19104', 'Compresor de Aire para pintura', 'a', 4200.00, 3000.00, 0, 'CAT-19100', 'modulos/producto/fotos/763.jpg', '2019-10-24 18:55:00'),
	('PRO-19106', 'Cortadora de Adobe sin Disco', 'a', 5600.00, 4000.00, 5, 'CAT-19100', 'modulos/producto/fotos/957.jpg', '2019-10-24 18:55:00'),
	('PRO-19108', 'Cortadora de Piso sin Disco', 'a', 2156.00, 1540.00, 7, 'CAT-19100', 'modulos/producto/fotos/630.jpg', '2019-10-24 18:55:00'),
	('PRO-19110', 'Disco Punta Diamante', 'a', 1540.00, 1100.00, 9, 'CAT-19100', 'modulos/producto/fotos/635.jpg', '2019-10-24 18:55:00'),
	('PRO-19112', 'Extractor de Aire', 'a', 2156.00, 1540.00, 13, 'CAT-19100', 'modulos/producto/fotos/848.jpg', '2019-10-24 18:55:00'),
	('PRO-19114', 'Guadañadora', 'a', 2156.00, 1540.00, 13, 'CAT-19100', 'modulos/producto/fotos/163.jpg', '2017-12-26 16:03:00'),
	('PRO-19116', 'Hidrolavadora Eléctrica', 'a', 3640.00, 2600.00, 13, 'CAT-19100', 'modulos/producto/fotos/769.jpg', '2017-12-26 16:05:00'),
	('PRO-19118', 'Hidrolavadora Gasolina', 'a', 3094.00, 2210.00, 14, 'CAT-19100', 'modulos/producto/fotos/582.jpg', '2017-12-26 16:05:00'),
	('PRO-19120', 'Motobomba a Gasolina', 'a', 4004.00, 2860.00, 20, 'CAT-19100', '', '2017-12-21 22:56:00'),
	('PRO-19122', 'Motobomba El?ctrica', 'a', 3360.00, 2400.00, 20, 'CAT-19100', '', '2017-12-21 22:56:00'),
	('PRO-19124', 'Sierra Circular', 'a', 1540.00, 1100.00, 20, 'CAT-19100', '', '2017-12-21 22:56:00'),
	('PRO-19126', 'Disco de tugsteno para Sierra ', 'a', 6300.00, 4500.00, 20, 'CAT-19100', '', '2017-12-21 22:56:00'),
	('PRO-19128', 'Soldador Electrico', 'a', 2772.00, 1980.00, 20, 'CAT-19100', '', '2017-12-21 22:56:00'),
	('PRO-19130', 'Careta para Soldador', 'a', 5880.00, 4200.00, 20, 'CAT-19100', '', '2017-12-21 22:56:00'),
	('PRO-19132', 'Torre de iluminacion', 'a', 2520.00, 1800.00, 20, 'CAT-19100', '', '2017-12-21 22:56:00'),
	('PRO-19134', 'Martillo Demoledor de Piso 110', 'a', 7840.00, 5600.00, 19, 'CAT-19101', '', '2017-12-21 22:56:00'),
	('PRO-19136', 'Muela o cincel martillo demole', 'a', 13440.00, 9600.00, 20, 'CAT-19101', '', '2017-12-21 22:56:00'),
	('PRO-19138', 'Taladro Demoledor de muro 110V', 'a', 5390.00, 3850.00, 19, 'CAT-19101', '', '2017-12-21 22:56:00'),
	('PRO-19140', 'Muela o cincel martillo demole', 'a', 13440.00, 9600.00, 20, 'CAT-19101', '', '2017-12-21 22:56:00'),
	('PRO-19142', 'Taladro Percutor de 1/2 Madera', 'a', 11200.00, 8000.00, 20, 'CAT-19101', '', '2017-12-21 23:28:00'),
	('PRO-19144', 'Taladro Percutor SDS Plus 110V', 'a', 5460.00, 3900.00, 20, 'CAT-19101', '', '2017-12-21 22:56:00'),
	('PRO-19146', 'Taladro Percutor SDS Max 110V ', 'a', 6440.00, 4600.00, 20, 'CAT-19101', '', '2017-12-21 22:56:00'),
	('PRO-19148', 'Andamio colgante', 'a', 2016.00, 1440.00, 20, 'CAT-19102', '', '2017-12-21 22:56:00'),
	('PRO-19150', 'Distanciador andamio colgante', 'a', 2240.00, 1600.00, 20, 'CAT-19102', '', '2017-12-21 22:56:00'),
	('PRO-19152', 'Marco andamio modular', 'a', 1260.00, 900.00, 20, 'CAT-19102', '', '2017-12-21 22:56:00'),
	('PRO-19154', 'Marco andamio tijera', 'a', 140.00, 100.00, 20, 'CAT-19102', '', '2017-12-21 22:56:00'),
	('PRO-19156', 'Tijera para andamio', 'a', 226.00, 162.00, 20, 'CAT-19102', '', '2017-12-21 22:56:00'),
	('PRO-19158', 'Escalera interna para andamio', 'a', 378.00, 270.00, 20, 'CAT-19102', '', '2017-12-21 22:56:00'),
	('PRO-19160', 'Pasamanos de seguridad', 'a', 105.00, 75.00, 20, 'CAT-19102', '', '2017-12-21 22:56:00'),
	('PRO-19162', 'Rueda giratoria para andamio', 'a', 235.00, 168.00, 20, 'CAT-19102', '', '2017-12-21 22:56:00'),
	('PRO-19164', 'Arnes de seguridad', 'a', 2450.00, 1750.00, 20, 'CAT-19102', '', '2017-12-21 22:56:00'),
	('PRO-19166', 'Eslinga para arnes', 'a', 245.00, 175.00, 20, 'CAT-19102', '', '2017-12-21 22:56:00'),
	('PRO-19168', 'Plataforma Met?lica', 'a', 588.00, 420.00, 20, 'CAT-19102', '', '2017-12-21 22:56:00'),
	('PRO-19170', 'Planta Electrica Diesel 6 Kva', 'a', 4900.00, 3500.00, 20, 'CAT-19103', '', '2017-12-21 22:56:00'),
	('PRO-19172', 'Planta Electrica Diesel 10 Kva', 'a', 4970.00, 3550.00, 20, 'CAT-19103', '', '2017-12-21 22:56:00'),
	('PRO-19174', 'Planta Electrica Diesel 20 Kva', 'a', 5040.00, 3600.00, 20, 'CAT-19103', '', '2017-12-21 22:56:00'),
	('PRO-19176', 'Planta Electrica Diesel 30 Kva', 'a', 5110.00, 3650.00, 20, 'CAT-19103', '', '2017-12-21 22:56:00'),
	('PRO-19178', 'Planta Electrica Diesel 60 Kva', 'a', 5180.00, 3700.00, 20, 'CAT-19103', '', '2017-12-21 22:56:00'),
	('PRO-19180', 'Planta Electrica Diesel 75 Kva', 'a', 5250.00, 3750.00, 20, 'CAT-19103', '', '2017-12-21 22:56:00'),
	('PRO-19182', 'Planta Electrica Diesel 100 Kv', 'a', 5320.00, 3800.00, 20, 'CAT-19103', '', '2017-12-21 22:56:00'),
	('PRO-19184', 'Planta Electrica Diesel 120 Kv', 'a', 5390.00, 3850.00, 20, 'CAT-19103', '', '2017-12-21 22:56:00'),
	('PRO-19186', 'Escalera de Tijera Aluminio', 'a', 490.00, 350.00, 20, 'CAT-19104', '', '2017-12-21 22:56:00'),
	('PRO-19188', 'Extension Electrica', 'a', 518.00, 370.00, 20, 'CAT-19104', '', '2017-12-21 22:56:00'),
	('PRO-19190', 'Gato tensor', 'a', 532.00, 380.00, 20, 'CAT-19104', '', '2017-12-21 22:56:00'),
	('PRO-19192', 'Lamina Cubre Brecha', 'a', 532.00, 380.00, 20, 'CAT-19104', '', '2017-12-21 22:56:00'),
	('PRO-19194', 'Llave de Tubo', 'a', 672.00, 480.00, 20, 'CAT-19104', '', '2017-12-21 22:56:00'),
	('PRO-19198', 'Polea 2 canales', 'a', 1260.00, 900.00, 20, 'CAT-19104', '', '2017-12-21 22:56:00'),
	('PRO-19200', 'Tensor', 'a', 140.00, 100.00, 19, 'CAT-19104', 'modulos/producto/fotos/500.jpg', '2017-12-26 23:26:00'),
	('PRO-19202', 'Bascula', 'a', 182.00, 130.00, 10, 'CAT-19104', 'modulos/producto/fotos/878.jpg', '2019-07-08 10:52:00'),
	('PRO-19204', 'Bomba Hidrostatica', 'a', 1078.00, 770.00, 8, 'CAT-19104', 'modulos/producto/fotos/870.jpg', '2017-12-26 23:26:00'),
	('PRO-19206', 'Chapeta', 'a', 924.00, 660.00, 16, 'CAT-19104', 'modulos/producto/fotos/239.jpg', '2017-12-26 23:27:00'),
	('PRO-19208', 'Cilindro muestra de concreto', 'a', 560.00, 400.00, 16, 'CAT-19104', 'modulos/producto/fotos/266.jpg', '2017-12-26 23:27:00'),
	('PRO-19210', 'Cizalla de Palanca', 'a', 630.00, 450.00, 2, 'CAT-19104', 'modulos/producto/fotos/445.jpg', '2019-05-12 15:03:00'),
	('PRO-19212', 'Cizalla de Tijera', 'a', 812.00, 580.00, 17, 'CAT-19104', 'modulos/producto/fotos/249.jpg', '2019-07-08 10:52:00'),
	('PRO-19214', 'Coche llanta neumatica', 'a', 588.00, 420.00, 12, 'CAT-19104', 'modulos/producto/fotos/174.jpg', '2019-07-08 10:52:00'),
	('PRO-19216', 'Cono slump', 'a', 196.00, 140.00, 14, 'CAT-19104', 'modulos/producto/fotos/228.jpg', '2019-05-12 15:03:00'),
	('PRO-19218', 'Cortadora de Baldosin', 'a', 1306.20, 933.00, 15, 'CAT-19104', 'modulos/producto/fotos//746.jpg', '2019-10-22 16:17:00');
/*!40000 ALTER TABLE `productos` ENABLE KEYS */;

-- Dumping structure for table facturingpos.usuarios
CREATE TABLE IF NOT EXISTS `usuarios` (
  `cod_usuario` char(10) NOT NULL,
  `nombre` varchar(30) NOT NULL,
  `apellidos` varchar(50) NOT NULL,
  `identificacion` char(9) NOT NULL,
  `fecha_nacimiento` date DEFAULT NULL,
  `pass` text NOT NULL,
  `correo` varchar(50) NOT NULL,
  `telefono` char(9) NOT NULL,
  `direccion` varchar(100) DEFAULT NULL,
  `cod_privilegio` int(11) NOT NULL,
  `fecha` timestamp NULL DEFAULT CURRENT_TIMESTAMP,
  `sexo` char(1) DEFAULT 'M',
  `estatus` tinyint(4) DEFAULT '1',
  `foto` text,
  `cod_identificacion` int(11) DEFAULT NULL,
  PRIMARY KEY (`cod_usuario`),
  UNIQUE KEY `identificacion_UNIQUE` (`identificacion`),
  UNIQUE KEY `correo_UNIQUE` (`correo`),
  KEY `cod_privilegios_idx` (`cod_privilegio`),
  KEY `cod_identificacion_FK_idx` (`cod_identificacion`),
  CONSTRAINT `cod_identificacion_FK` FOREIGN KEY (`cod_identificacion`) REFERENCES `identificacion` (`cod_identificacion`) ON DELETE NO ACTION ON UPDATE CASCADE,
  CONSTRAINT `cod_privilegios_FK` FOREIGN KEY (`cod_privilegio`) REFERENCES `privilegios` (`cod_privilegio`) ON DELETE NO ACTION ON UPDATE CASCADE
) ENGINE=InnoDB DEFAULT CHARSET=utf8;

-- Dumping data for table facturingpos.usuarios: ~3 rows (approximately)
/*!40000 ALTER TABLE `usuarios` DISABLE KEYS */;
INSERT INTO `usuarios` (`cod_usuario`, `nombre`, `apellidos`, `identificacion`, `fecha_nacimiento`, `pass`, `correo`, `telefono`, `direccion`, `cod_privilegio`, `fecha`, `sexo`, `estatus`, `foto`, `cod_identificacion`) VALUES
	('USU-19100', 'Newal', 'Medina', 'x21321321', '1991-11-28', '$2a$07$asxx54ahjppf45sd87a5auPLmyrqh4cLrmH/5sy3sotF39pBWVQai', 'newal@correo.com', '809978722', 'fontana 21, barcelona', 1, '2019-11-21 08:53:52', 'M', 1, 'modulos/usuario/fotos/220brock.png', 2),
	('USU-19101', 'Fabiola', 'lorenzo', '47888806Z', '2019-11-13', '$2a$07$asxx54ahjppf45sd87a5auPLmyrqh4cLrmH/5sy3sotF39pBWVQai', 'fabiola@gmail.com', '789665245', 'invimosa danto domingo', 2, '2019-11-21 08:54:44', 'F', 0, 'modulos/usuario/fotos/639misty.png', 1),
	('USU-19102', 'carlos', 'Gomez Lazaro', '165451564', '2019-12-10', '$2a$07$asxx54ahjppf45sd87a5auPLmyrqh4cLrmH/5sy3sotF39pBWVQai', 'carlos@correo.com', '12321', 'invimosa', 3, '2019-12-01 15:38:19', 'M', 1, 'modulos/usuario/fotos/888esmelin pic.jpeg', 2);
/*!40000 ALTER TABLE `usuarios` ENABLE KEYS */;

-- Dumping structure for table facturingpos.ventas
CREATE TABLE IF NOT EXISTS `ventas` (
  `cod_venta` char(10) NOT NULL,
  `cod_modo_pago` int(11) NOT NULL,
  `total_sinIva` decimal(8,2) DEFAULT NULL,
  `iva` decimal(8,2) DEFAULT NULL,
  `total_conIva` decimal(8,2) DEFAULT NULL,
  `fecha` timestamp NULL DEFAULT CURRENT_TIMESTAMP,
  `cod_usuario` char(10) NOT NULL,
  `cod_cliente` char(10) NOT NULL,
  `codigo_transaccion` varchar(45) DEFAULT NULL,
  PRIMARY KEY (`cod_venta`),
  KEY `cod_usuarios_FK_idx` (`cod_usuario`),
  KEY `cod_modo_pago_FK_idx` (`cod_modo_pago`),
  KEY `ventas_ibfk_1` (`cod_cliente`),
  CONSTRAINT `cod_modo_pago` FOREIGN KEY (`cod_modo_pago`) REFERENCES `modo_pago` (`cod_modo_pago`) ON DELETE NO ACTION ON UPDATE CASCADE,
  CONSTRAINT `cod_usuarios` FOREIGN KEY (`cod_usuario`) REFERENCES `usuarios` (`cod_usuario`) ON DELETE NO ACTION ON UPDATE CASCADE,
  CONSTRAINT `ventas_ibfk_1` FOREIGN KEY (`cod_cliente`) REFERENCES `clientes` (`cod_cliente`) ON DELETE NO ACTION ON UPDATE CASCADE
) ENGINE=InnoDB DEFAULT CHARSET=utf8;

-- Dumping data for table facturingpos.ventas: ~72 rows (approximately)
/*!40000 ALTER TABLE `ventas` DISABLE KEYS */;
INSERT INTO `ventas` (`cod_venta`, `cod_modo_pago`, `total_sinIva`, `iva`, `total_conIva`, `fecha`, `cod_usuario`, `cod_cliente`, `codigo_transaccion`) VALUES
	('VEN-19101', 2, 13156.00, 272.76, 158.76, '2019-12-01 15:20:02', 'USU-19100', 'CLI-19112', '21321'),
	('VEN-19102', 1, 3600.00, 756.00, 4356.00, '2019-12-01 16:21:53', 'USU-19101', 'CLI-19105', '0'),
	('VEN-19103', 1, 1327.00, 186.00, 1513.00, '2018-05-14 00:00:00', 'USU-19100', 'CLI-19107', '2132'),
	('VEN-19104', 2, 1684.00, 30.00, 1714.00, '2018-03-06 00:00:00', 'USU-19100', 'CLI-19107', '3213'),
	('VEN-19105', 1, 1736.00, 125.00, 1861.00, '2018-01-31 00:00:00', 'USU-19101', 'CLI-19107', '1504.3'),
	('VEN-19106', 1, 1946.00, 74.00, 2020.00, '2018-01-12 00:00:00', 'USU-19100', 'CLI-19107', '228'),
	('VEN-19108', 1, 1738.00, 93.00, 1831.00, '2018-03-15 00:00:00', 'USU-19101', 'CLI-19104', '21321'),
	('VEN-19109', 1, 1140.00, 101.00, 1241.00, '2018-01-20 00:00:00', 'USU-19100', 'CLI-19104', '14'),
	('VEN-19110', 2, 1529.00, 95.00, 1624.00, '2018-01-04 00:00:00', 'USU-19100', 'CLI-19107', '2132'),
	('VEN-19112', 2, 1772.00, 44.00, 1816.00, '2018-04-25 00:00:00', 'USU-19100', 'CLI-19104', '1504.3'),
	('VEN-19113', 1, 1230.00, 54.00, 1284.00, '2018-04-23 00:00:00', 'USU-19100', 'CLI-19102', '228'),
	('VEN-19114', 2, 1304.00, 19.00, 1323.00, '2018-06-14 00:00:00', 'USU-19101', 'CLI-19107', '14'),
	('VEN-19115', 1, 1537.00, 81.00, 1618.00, '2018-05-13 00:00:00', 'USU-19100', 'CLI-19107', '21321'),
	('VEN-19116', 2, 1053.00, 90.00, 1143.00, '2018-04-13 00:00:00', 'USU-19100', 'CLI-19107', '14'),
	('VEN-19117', 1, 1062.00, 133.00, 1195.00, '2018-03-29 00:00:00', 'USU-19101', 'CLI-19106', '2132'),
	('VEN-19118', 1, 1863.00, 88.00, 1951.00, '2018-06-23 00:00:00', 'USU-19100', 'CLI-19103', '3213'),
	('VEN-19119', 2, 1103.00, 22.00, 1125.00, '2018-01-08 00:00:00', 'USU-19100', 'CLI-19102', '1504.3'),
	('VEN-19120', 1, 1172.00, 166.00, 1338.00, '2018-02-24 00:00:00', 'USU-19101', 'CLI-19105', '228'),
	('VEN-19121', 1, 1411.00, 86.00, 1497.00, '2018-02-28 00:00:00', 'USU-19100', 'CLI-19102', '14'),
	('VEN-19122', 2, 1705.00, 55.00, 1760.00, '2018-02-08 00:00:00', 'USU-19100', 'CLI-19106', '21321'),
	('VEN-19123', 1, 1052.00, 87.00, 1139.00, '2018-03-22 00:00:00', 'USU-19101', 'CLI-19107', '14'),
	('VEN-19124', 1, 1257.00, 99.00, 1356.00, '2018-06-18 00:00:00', 'USU-19100', 'CLI-19104', '2132'),
	('VEN-19125', 2, 1883.00, 37.00, 1920.00, '2018-01-06 00:00:00', 'USU-19100', 'CLI-19107', '3213'),
	('VEN-19126', 1, 1037.00, 125.00, 1162.00, '2018-06-16 00:00:00', 'USU-19101', 'CLI-19103', '1504.3'),
	('VEN-19127', 2, 1932.00, 189.00, 2121.00, '2018-05-13 00:00:00', 'USU-19100', 'CLI-19102', '32'),
	('VEN-19128', 1, 1200.00, 125.00, 1325.00, '2018-04-28 00:00:00', 'USU-19100', 'CLI-19107', '41'),
	('VEN-19129', 2, 13156.00, 98.00, 13254.00, '2018-03-21 00:00:00', 'USU-19100', 'CLI-19104', '21321'),
	('VEN-19130', 1, 3600.00, 102.00, 3702.00, '2018-04-01 00:00:00', 'USU-19101', 'CLI-19106', '14'),
	('VEN-19131', 1, 1200.00, 170.00, 1370.00, '2019-06-16 00:00:00', 'USU-19100', 'CLI-19104', '41'),
	('VEN-19132', 2, 13156.00, 190.00, 13346.00, '2019-02-21 00:00:00', 'USU-19100', 'CLI-19103', '21321'),
	('VEN-19133', 1, 3600.00, 116.00, 3716.00, '2019-05-26 00:00:00', 'USU-19101', 'CLI-19107', '14'),
	('VEN-19134', 1, 1392.00, 64.00, 1456.00, '2019-03-15 00:00:00', 'USU-19100', 'CLI-19103', '2132'),
	('VEN-19135', 2, 1874.00, 141.00, 2015.00, '2019-04-22 00:00:00', 'USU-19100', 'CLI-19106', '3213'),
	('VEN-19136', 1, 1227.00, 54.00, 1281.00, '2019-03-24 00:00:00', 'USU-19101', 'CLI-19102', '1504.3'),
	('VEN-19137', 1, 1532.00, 183.00, 1715.00, '2019-04-12 00:00:00', 'USU-19100', 'CLI-19102', '228'),
	('VEN-19138', 2, 1005.00, 195.00, 1200.00, '2019-04-30 00:00:00', 'USU-19100', 'CLI-19107', '4'),
	('VEN-19139', 1, 1791.00, 129.00, 1920.00, '2019-05-18 00:00:00', 'USU-19101', 'CLI-19107', '21321'),
	('VEN-19140', 1, 1684.00, 178.00, 1862.00, '2019-02-10 00:00:00', 'USU-19100', 'CLI-19102', '14'),
	('VEN-19141', 2, 1267.00, 184.00, 1451.00, '2019-06-20 00:00:00', 'USU-19100', 'CLI-19102', '2132'),
	('VEN-19142', 1, 1164.00, 29.00, 1193.00, '2019-04-29 00:00:00', 'USU-19101', 'CLI-19106', '3213'),
	('VEN-19143', 2, 1515.00, 34.00, 1549.00, '2019-04-13 00:00:00', 'USU-19100', 'CLI-19107', '1504.3'),
	('VEN-19144', 1, 1858.00, 85.00, 1943.00, '2019-04-23 00:00:00', 'USU-19100', 'CLI-19104', '228'),
	('VEN-19145', 2, 1079.00, 111.00, 1190.00, '2019-03-17 00:00:00', 'USU-19101', 'CLI-19102', '14'),
	('VEN-19146', 1, 1298.00, 22.00, 1320.00, '2019-05-01 00:00:00', 'USU-19100', 'CLI-19106', '21321'),
	('VEN-19147', 2, 1576.00, 190.00, 1766.00, '2019-06-19 00:00:00', 'USU-19100', 'CLI-19106', '14'),
	('VEN-19148', 1, 1231.00, 61.00, 1292.00, '2019-06-29 00:00:00', 'USU-19101', 'CLI-19105', '2132'),
	('VEN-19149', 1, 1629.00, 175.00, 1804.00, '2019-02-20 00:00:00', 'USU-19100', 'CLI-19102', '3213'),
	('VEN-19150', 2, 1754.00, 92.00, 1846.00, '2019-05-17 00:00:00', 'USU-19100', 'CLI-19104', '1504.3'),
	('VEN-19151', 1, 1770.00, 154.00, 1924.00, '2019-03-24 00:00:00', 'USU-19101', 'CLI-19104', '228'),
	('VEN-19152', 1, 1136.00, 74.00, 1210.00, '2019-03-27 00:00:00', 'USU-19100', 'CLI-19105', '14'),
	('VEN-19153', 2, 1951.00, 179.00, 2130.00, '2019-06-13 00:00:00', 'USU-19100', 'CLI-19103', '21321'),
	('VEN-19154', 1, 1807.00, 103.00, 1910.00, '2019-02-28 00:00:00', 'USU-19101', 'CLI-19104', '14'),
	('VEN-19155', 1, 1591.00, 78.00, 1669.00, '2019-01-12 00:00:00', 'USU-19100', 'CLI-19107', '2132'),
	('VEN-19156', 2, 1755.00, 86.00, 1841.00, '2019-04-17 00:00:00', 'USU-19100', 'CLI-19107', '3213'),
	('VEN-19157', 1, 1531.00, 166.00, 1697.00, '2019-03-29 00:00:00', 'USU-19101', 'CLI-19105', '1504.3'),
	('VEN-19158', 2, 1147.00, 56.00, 1203.00, '2019-03-27 00:00:00', 'USU-19100', 'CLI-19104', '32'),
	('VEN-19159', 1, 4200.00, 882.00, 5082.00, '2019-03-01 17:56:16', 'USU-19100', 'CLI-19112', '0'),
	('VEN-19160', 2, 12600.00, 2646.00, 15246.00, '2018-09-01 17:56:51', 'USU-19100', 'CLI-19114', '565'),
	('VEN-19161', 1, 4200.00, 882.00, 5082.00, '2019-02-01 23:13:24', 'USU-19100', 'CLI-19113', '0'),
	('VEN-19162', 1, 5600.00, 1176.00, 6776.00, '2019-01-01 23:13:50', 'USU-19100', 'CLI-19114', '0'),
	('VEN-19163', 1, 5600.00, 1176.00, 677.00, '2019-03-01 23:16:32', 'USU-19100', 'CLI-19114', '0'),
	('VEN-19164', 2, 16800.00, 3528.00, 228.00, '2019-12-01 23:17:05', 'USU-19100', 'CLI-19114', '21321'),
	('VEN-19165', 2, 5600.00, 1176.00, 6776.00, '2019-07-01 23:17:27', 'USU-19100', 'CLI-19105', '12'),
	('VEN-19166', 2, 5600.00, 1176.00, 6776.00, '2019-09-01 23:18:09', 'USU-19100', 'CLI-19105', '12'),
	('VEN-19167', 1, 2156.00, 452.76, 2608.76, '2019-06-01 23:18:49', 'USU-19100', 'CLI-19113', '0'),
	('VEN-19168', 1, 2156.00, 452.76, 2608.76, '2019-09-01 23:19:23', 'USU-19100', 'CLI-19113', '0'),
	('VEN-19169', 1, 2156.00, 452.76, 2608.76, '2019-05-01 23:19:36', 'USU-19100', 'CLI-19104', '0'),
	('VEN-19170', 2, 4200.00, 882.00, 5082.00, '2019-08-02 23:32:38', 'USU-19100', 'CLI-19116', '32321'),
	('VEN-19171', 2, 47922.00, 10063.62, 5285.62, '2019-08-01 23:35:24', 'USU-19100', 'CLI-19113', '321321321'),
	('VEN-19172', 2, 12376.00, 2598.96, 14974.96, '2019-12-20 23:44:11', 'USU-19100', 'CLI-19103', '21321'),
	('VEN-19173', 1, 6300.00, 1323.00, 767.00, '2019-12-02 21:29:33', 'USU-19100', 'CLI-19103', '0'),
	('VEN-19174', 1, 6300.00, 1323.00, 7623.00, '2019-12-03 01:21:58', 'USU-19100', 'CLI-19102', '0'),
	('VEN-19175', 1, 26400.00, 5544.00, 31944.00, '2019-12-03 22:33:18', 'USU-19100', 'CLI-19103', '0'),
	('VEN-19176', 1, 58800.00, 12348.00, 71148.00, '2019-12-12 18:23:14', 'USU-19100', 'CLI-19104', '0'),
	('VEN-19177', 1, 9296.00, 1952.16, 11248.16, '2019-12-17 10:02:37', 'USU-19100', 'CLI-19104', '0');
/*!40000 ALTER TABLE `ventas` ENABLE KEYS */;

-- Dumping structure for table facturingpos.venta_detalle
CREATE TABLE IF NOT EXISTS `venta_detalle` (
  `cod_venta_detalle` int(11) NOT NULL AUTO_INCREMENT,
  `cod_venta` char(10) NOT NULL,
  `cod_producto` char(10) NOT NULL,
  `precio` decimal(8,2) NOT NULL,
  `cantidad` int(11) NOT NULL,
  `sub_total` decimal(8,2) DEFAULT NULL,
  PRIMARY KEY (`cod_venta_detalle`),
  KEY `cod_producto` (`cod_producto`),
  KEY `cod_venta` (`cod_venta`),
  CONSTRAINT `venta_detalle_ibfk_1` FOREIGN KEY (`cod_producto`) REFERENCES `productos` (`cod_producto`) ON DELETE NO ACTION ON UPDATE CASCADE,
  CONSTRAINT `venta_detalle_ibfk_2` FOREIGN KEY (`cod_venta`) REFERENCES `ventas` (`cod_venta`) ON DELETE NO ACTION ON UPDATE CASCADE
) ENGINE=InnoDB AUTO_INCREMENT=394 DEFAULT CHARSET=utf8;

-- Dumping data for table facturingpos.venta_detalle: ~343 rows (approximately)
/*!40000 ALTER TABLE `venta_detalle` DISABLE KEYS */;
INSERT INTO `venta_detalle` (`cod_venta_detalle`, `cod_venta`, `cod_producto`, `precio`, `cantidad`, `sub_total`) VALUES
	(18, 'VEN-19101', 'PRO-19100', 1200.00, 1, 1200.00),
	(19, 'VEN-19101', 'PRO-19104', 4200.00, 1, 4200.00),
	(20, 'VEN-19101', 'PRO-19106', 5600.00, 1, 5600.00),
	(21, 'VEN-19101', 'PRO-19108', 2156.00, 1, 2156.00),
	(22, 'VEN-19102', 'PRO-19100', 1200.00, 3, 3600.00),
	(23, 'VEN-19123', 'PRO-19100', 1200.00, 3, 1200.00),
	(24, 'VEN-19104', 'PRO-19100', 1200.00, 5, 1200.00),
	(26, 'VEN-19125', 'PRO-19106', 5600.00, 1, 5600.00),
	(27, 'VEN-19118', 'PRO-19108', 2156.00, 2, 2156.00),
	(28, 'VEN-19109', 'PRO-19100', 1200.00, 3, 3600.00),
	(29, 'VEN-19104', 'PRO-19100', 3019.47, 4, 4619.47),
	(30, 'VEN-19128', 'PRO-19100', 3141.41, 4, 5084.27),
	(31, 'VEN-19121', 'PRO-19104', 3263.35, 3, 5549.07),
	(32, 'VEN-19117', 'PRO-19106', 3385.30, 4, 6013.87),
	(33, 'VEN-19116', 'PRO-19108', 3507.24, 4, 6478.67),
	(34, 'VEN-19114', 'PRO-19100', 3629.18, 2, 6943.47),
	(35, 'VEN-19101', 'PRO-19100', 3751.12, 1, 7408.27),
	(36, 'VEN-19119', 'PRO-19100', 3873.07, 3, 7873.07),
	(37, 'VEN-19104', 'PRO-19104', 3995.01, 4, 8337.87),
	(38, 'VEN-19102', 'PRO-19106', 4116.95, 1, 8802.67),
	(39, 'VEN-19126', 'PRO-19108', 4238.90, 4, 9267.47),
	(40, 'VEN-19108', 'PRO-19100', 4360.84, 3, 9732.27),
	(41, 'VEN-19122', 'PRO-19100', 4482.78, 4, 10197.07),
	(42, 'VEN-19119', 'PRO-19100', 4604.72, 2, 10661.87),
	(43, 'VEN-19129', 'PRO-19104', 4726.67, 1, 11126.67),
	(44, 'VEN-19109', 'PRO-19106', 4848.61, 3, 11591.47),
	(45, 'VEN-19122', 'PRO-19108', 4970.55, 3, 12056.27),
	(46, 'VEN-19116', 'PRO-19100', 5092.50, 4, 12521.07),
	(47, 'VEN-19124', 'PRO-19100', 5214.44, 3, 12985.87),
	(48, 'VEN-19126', 'PRO-19100', 5336.38, 5, 13450.67),
	(49, 'VEN-19119', 'PRO-19104', 5458.32, 1, 13915.47),
	(50, 'VEN-19125', 'PRO-19106', 5580.27, 2, 14380.27),
	(51, 'VEN-19118', 'PRO-19108', 5702.21, 5, 14845.07),
	(52, 'VEN-19125', 'PRO-19100', 5824.15, 5, 15309.87),
	(53, 'VEN-19116', 'PRO-19100', 5946.10, 4, 15774.67),
	(54, 'VEN-19127', 'PRO-19100', 6068.04, 3, 16239.47),
	(55, 'VEN-19124', 'PRO-19104', 6189.98, 5, 16704.27),
	(56, 'VEN-19116', 'PRO-19106', 6311.92, 4, 17169.07),
	(57, 'VEN-19125', 'PRO-19108', 6433.87, 1, 17633.87),
	(58, 'VEN-19104', 'PRO-19100', 6555.81, 5, 18098.67),
	(60, 'VEN-19128', 'PRO-19100', 6799.70, 3, 19028.27),
	(61, 'VEN-19121', 'PRO-19104', 6921.64, 4, 19493.07),
	(62, 'VEN-19108', 'PRO-19106', 7043.58, 1, 19957.87),
	(63, 'VEN-19109', 'PRO-19108', 7165.52, 5, 20422.67),
	(64, 'VEN-19118', 'PRO-19100', 7287.47, 1, 20887.47),
	(66, 'VEN-19128', 'PRO-19100', 7531.35, 5, 21817.07),
	(67, 'VEN-19112', 'PRO-19104', 7653.30, 4, 22281.87),
	(68, 'VEN-19110', 'PRO-19106', 7775.24, 2, 22746.67),
	(69, 'VEN-19109', 'PRO-19108', 7897.18, 1, 23211.47),
	(70, 'VEN-19110', 'PRO-19100', 8019.12, 5, 23676.27),
	(71, 'VEN-19119', 'PRO-19100', 8141.07, 1, 24141.07),
	(72, 'VEN-19126', 'PRO-19100', 8263.01, 1, 24605.87),
	(73, 'VEN-19113', 'PRO-19104', 8384.95, 3, 25070.67),
	(74, 'VEN-19129', 'PRO-19106', 8506.90, 4, 25535.47),
	(75, 'VEN-19110', 'PRO-19108', 8628.84, 4, 26000.27),
	(76, 'VEN-19101', 'PRO-19100', 8750.78, 4, 26465.07),
	(78, 'VEN-19102', 'PRO-19100', 8994.67, 2, 27394.67),
	(80, 'VEN-19113', 'PRO-19106', 9238.55, 2, 28324.27),
	(81, 'VEN-19118', 'PRO-19108', 9360.50, 3, 28789.07),
	(83, 'VEN-19130', 'PRO-19100', 9604.38, 3, 29718.67),
	(84, 'VEN-19126', 'PRO-19100', 9726.32, 4, 30183.47),
	(85, 'VEN-19108', 'PRO-19104', 9848.27, 5, 30648.27),
	(86, 'VEN-19126', 'PRO-19106', 9970.21, 1, 31113.07),
	(87, 'VEN-19119', 'PRO-19108', 10092.15, 2, 31577.87),
	(88, 'VEN-19108', 'PRO-19100', 10214.10, 5, 32042.67),
	(89, 'VEN-19105', 'PRO-19100', 10336.04, 2, 32507.47),
	(91, 'VEN-19122', 'PRO-19104', 10579.92, 5, 33437.07),
	(92, 'VEN-19112', 'PRO-19106', 10701.87, 1, 33901.87),
	(93, 'VEN-19115', 'PRO-19108', 10823.81, 2, 34366.67),
	(94, 'VEN-19106', 'PRO-19100', 10945.75, 1, 34831.47),
	(96, 'VEN-19105', 'PRO-19100', 11189.64, 3, 35761.07),
	(97, 'VEN-19112', 'PRO-19104', 11311.58, 3, 36225.87),
	(98, 'VEN-19127', 'PRO-19106', 11433.52, 3, 36690.67),
	(100, 'VEN-19105', 'PRO-19100', 11677.41, 5, 37620.27),
	(101, 'VEN-19123', 'PRO-19100', 11799.35, 1, 38085.07),
	(102, 'VEN-19104', 'PRO-19100', 11921.30, 4, 38549.87),
	(103, 'VEN-19102', 'PRO-19104', 12043.24, 2, 39014.67),
	(104, 'VEN-19104', 'PRO-19106', 12165.18, 5, 39479.47),
	(105, 'VEN-19108', 'PRO-19108', 12287.12, 2, 39944.27),
	(106, 'VEN-19124', 'PRO-19100', 12409.07, 4, 40409.07),
	(107, 'VEN-19126', 'PRO-19100', 12531.01, 5, 40873.87),
	(108, 'VEN-19102', 'PRO-19100', 12652.95, 4, 41338.67),
	(110, 'VEN-19125', 'PRO-19106', 12896.84, 2, 42268.27),
	(111, 'VEN-19108', 'PRO-19108', 13018.78, 3, 42733.07),
	(112, 'VEN-19123', 'PRO-19100', 13140.72, 2, 43197.87),
	(113, 'VEN-19120', 'PRO-19100', 13262.67, 3, 43662.67),
	(114, 'VEN-19101', 'PRO-19100', 13384.61, 2, 44127.47),
	(115, 'VEN-19130', 'PRO-19104', 13506.55, 5, 44592.27),
	(116, 'VEN-19127', 'PRO-19106', 13628.50, 4, 45057.07),
	(117, 'VEN-19122', 'PRO-19108', 13750.44, 4, 45521.87),
	(118, 'VEN-19124', 'PRO-19100', 13872.38, 1, 45986.67),
	(119, 'VEN-19115', 'PRO-19100', 13994.32, 1, 46451.47),
	(120, 'VEN-19113', 'PRO-19100', 14116.27, 1, 46916.27),
	(121, 'VEN-19124', 'PRO-19104', 14238.21, 1, 47381.07),
	(122, 'VEN-19121', 'PRO-19106', 14360.15, 4, 47845.87),
	(123, 'VEN-19108', 'PRO-19108', 14482.10, 5, 48310.67),
	(124, 'VEN-19128', 'PRO-19100', 14604.04, 4, 48775.47),
	(125, 'VEN-19103', 'PRO-19100', 14725.98, 2, 49240.27),
	(126, 'VEN-19119', 'PRO-19100', 14847.92, 2, 49705.07),
	(127, 'VEN-19117', 'PRO-19104', 14969.87, 5, 50169.87),
	(128, 'VEN-19119', 'PRO-19106', 15091.81, 3, 50634.67),
	(129, 'VEN-19123', 'PRO-19108', 15213.75, 2, 51099.47),
	(130, 'VEN-19123', 'PRO-19100', 15335.70, 1, 51564.27),
	(132, 'VEN-19115', 'PRO-19100', 15579.58, 3, 52493.87),
	(133, 'VEN-19120', 'PRO-19104', 15701.52, 5, 52958.67),
	(134, 'VEN-19108', 'PRO-19106', 15823.47, 1, 53423.47),
	(135, 'VEN-19109', 'PRO-19108', 15945.41, 1, 53888.27),
	(136, 'VEN-19116', 'PRO-19100', 16067.35, 2, 54353.07),
	(137, 'VEN-19105', 'PRO-19100', 16189.30, 4, 54817.87),
	(138, 'VEN-19116', 'PRO-19100', 16311.24, 5, 55282.67),
	(139, 'VEN-19118', 'PRO-19104', 16433.18, 3, 55747.47),
	(141, 'VEN-19109', 'PRO-19108', 16677.07, 5, 56677.07),
	(143, 'VEN-19127', 'PRO-19100', 16920.95, 3, 57606.67),
	(144, 'VEN-19123', 'PRO-19100', 17042.90, 2, 58071.47),
	(145, 'VEN-19130', 'PRO-19104', 17164.84, 1, 58536.27),
	(146, 'VEN-19123', 'PRO-19106', 17286.78, 3, 59001.07),
	(147, 'VEN-19114', 'PRO-19108', 17408.72, 3, 59465.87),
	(148, 'VEN-19122', 'PRO-19100', 17530.67, 3, 59930.67),
	(149, 'VEN-19105', 'PRO-19100', 17652.61, 4, 60395.47),
	(150, 'VEN-19113', 'PRO-19100', 17774.55, 2, 60860.27),
	(151, 'VEN-19121', 'PRO-19104', 17896.50, 3, 61325.07),
	(152, 'VEN-19102', 'PRO-19106', 18018.44, 3, 61789.87),
	(153, 'VEN-19122', 'PRO-19108', 18140.38, 3, 62254.67),
	(154, 'VEN-19112', 'PRO-19100', 18262.32, 4, 62719.47),
	(155, 'VEN-19124', 'PRO-19100', 18384.27, 4, 63184.27),
	(156, 'VEN-19113', 'PRO-19100', 18506.21, 3, 63649.07),
	(157, 'VEN-19105', 'PRO-19104', 18628.15, 4, 64113.87),
	(158, 'VEN-19104', 'PRO-19106', 18750.10, 4, 64578.67),
	(159, 'VEN-19109', 'PRO-19108', 18872.04, 5, 65043.47),
	(161, 'VEN-19125', 'PRO-19100', 19115.92, 5, 65973.07),
	(162, 'VEN-19106', 'PRO-19100', 19237.87, 3, 66437.87),
	(163, 'VEN-19105', 'PRO-19104', 19359.81, 4, 66902.67),
	(164, 'VEN-19121', 'PRO-19106', 19481.75, 2, 67367.47),
	(165, 'VEN-19101', 'PRO-19108', 19603.70, 3, 67832.27),
	(166, 'VEN-19114', 'PRO-19100', 19725.64, 1, 68297.07),
	(167, 'VEN-19130', 'PRO-19100', 19847.58, 1, 68761.87),
	(168, 'VEN-19127', 'PRO-19100', 19969.52, 4, 69226.67),
	(169, 'VEN-19119', 'PRO-19104', 20091.47, 1, 69691.47),
	(170, 'VEN-19104', 'PRO-19106', 20213.41, 3, 70156.27),
	(171, 'VEN-19109', 'PRO-19108', 20335.35, 3, 70621.07),
	(172, 'VEN-19104', 'PRO-19100', 20457.30, 3, 71085.87),
	(173, 'VEN-19129', 'PRO-19100', 20579.24, 4, 71550.67),
	(174, 'VEN-19122', 'PRO-19100', 20701.18, 3, 72015.47),
	(175, 'VEN-19114', 'PRO-19104', 20823.12, 5, 72480.27),
	(176, 'VEN-19117', 'PRO-19106', 20945.07, 2, 72945.07),
	(177, 'VEN-19104', 'PRO-19108', 21067.01, 2, 73409.87),
	(178, 'VEN-19125', 'PRO-19100', 21188.95, 2, 73874.67),
	(179, 'VEN-19117', 'PRO-19100', 21310.90, 3, 74339.47),
	(180, 'VEN-19110', 'PRO-19100', 21432.84, 5, 74804.27),
	(181, 'VEN-19112', 'PRO-19104', 21554.78, 3, 75269.07),
	(182, 'VEN-19123', 'PRO-19106', 21676.72, 1, 75733.87),
	(183, 'VEN-19126', 'PRO-19108', 21798.67, 3, 76198.67),
	(184, 'VEN-19126', 'PRO-19100', 21920.61, 3, 76663.47),
	(185, 'VEN-19122', 'PRO-19100', 22042.55, 2, 77128.27),
	(186, 'VEN-19127', 'PRO-19100', 22164.50, 4, 77593.07),
	(187, 'VEN-19121', 'PRO-19104', 22286.44, 5, 78057.87),
	(188, 'VEN-19106', 'PRO-19106', 22408.38, 3, 78522.67),
	(189, 'VEN-19124', 'PRO-19108', 22530.32, 2, 78987.47),
	(190, 'VEN-19122', 'PRO-19100', 22652.27, 4, 79452.27),
	(191, 'VEN-19110', 'PRO-19100', 22774.21, 1, 79917.07),
	(192, 'VEN-19129', 'PRO-19100', 22896.15, 5, 80381.87),
	(193, 'VEN-19121', 'PRO-19104', 23018.10, 4, 80846.67),
	(195, 'VEN-19120', 'PRO-19108', 23261.98, 4, 81776.27),
	(198, 'VEN-19127', 'PRO-19100', 23627.81, 3, 83170.67),
	(199, 'VEN-19128', 'PRO-19104', 23749.75, 4, 83635.47),
	(200, 'VEN-19110', 'PRO-19106', 23871.70, 1, 84100.27),
	(201, 'VEN-19126', 'PRO-19108', 23993.64, 1, 84565.07),
	(202, 'VEN-19130', 'PRO-19100', 24115.58, 3, 85029.87),
	(204, 'VEN-19128', 'PRO-19100', 24359.47, 4, 85959.47),
	(205, 'VEN-19128', 'PRO-19104', 24481.41, 2, 86424.27),
	(206, 'VEN-19126', 'PRO-19106', 24603.35, 3, 86889.07),
	(207, 'VEN-19124', 'PRO-19108', 24725.30, 2, 87353.87),
	(208, 'VEN-19128', 'PRO-19100', 24847.24, 3, 87818.67),
	(209, 'VEN-19105', 'PRO-19100', 24969.18, 3, 88283.47),
	(210, 'VEN-19123', 'PRO-19100', 25091.12, 5, 88748.27),
	(211, 'VEN-19103', 'PRO-19104', 25213.07, 2, 89213.07),
	(212, 'VEN-19124', 'PRO-19106', 25335.01, 1, 89677.87),
	(213, 'VEN-19124', 'PRO-19108', 25456.95, 5, 90142.67),
	(214, 'VEN-19103', 'PRO-19100', 25578.90, 4, 90607.47),
	(215, 'VEN-19127', 'PRO-19100', 25700.84, 3, 91072.27),
	(216, 'VEN-19126', 'PRO-19100', 25822.78, 5, 91537.07),
	(217, 'VEN-19126', 'PRO-19104', 25944.72, 2, 92001.87),
	(218, 'VEN-19117', 'PRO-19106', 26066.67, 3, 92466.67),
	(219, 'VEN-19130', 'PRO-19108', 26188.61, 1, 92931.47),
	(220, 'VEN-19124', 'PRO-19100', 26310.55, 4, 93396.27),
	(221, 'VEN-19105', 'PRO-19100', 26432.50, 5, 93861.07),
	(222, 'VEN-19112', 'PRO-19100', 26554.44, 3, 94325.87),
	(223, 'VEN-19104', 'PRO-19104', 26676.38, 5, 94790.67),
	(225, 'VEN-19128', 'PRO-19108', 26920.27, 5, 95720.27),
	(226, 'VEN-19119', 'PRO-19100', 27042.21, 3, 96185.07),
	(227, 'VEN-19102', 'PRO-19100', 27164.15, 2, 96649.87),
	(228, 'VEN-19102', 'PRO-19100', 27286.10, 3, 97114.67),
	(229, 'VEN-19115', 'PRO-19104', 27408.04, 2, 97579.47),
	(230, 'VEN-19109', 'PRO-19106', 27529.98, 2, 98044.27),
	(231, 'VEN-19108', 'PRO-19108', 27651.92, 4, 98509.07),
	(232, 'VEN-19104', 'PRO-19100', 27773.87, 1, 98973.87),
	(233, 'VEN-19128', 'PRO-19100', 27895.81, 1, 99438.67),
	(234, 'VEN-19115', 'PRO-19100', 28017.75, 3, 99903.47),
	(235, 'VEN-19116', 'PRO-19104', 28139.70, 3, 100368.27),
	(236, 'VEN-19102', 'PRO-19106', 28261.64, 5, 100833.07),
	(237, 'VEN-19117', 'PRO-19108', 28383.58, 2, 101297.87),
	(238, 'VEN-19123', 'PRO-19100', 28505.52, 3, 101762.67),
	(239, 'VEN-19114', 'PRO-19100', 28627.47, 5, 102227.47),
	(241, 'VEN-19118', 'PRO-19104', 28871.35, 1, 103157.07),
	(242, 'VEN-19129', 'PRO-19106', 28993.30, 2, 103621.87),
	(243, 'VEN-19113', 'PRO-19108', 29115.24, 3, 104086.67),
	(244, 'VEN-19113', 'PRO-19100', 29237.18, 4, 104551.47),
	(245, 'VEN-19126', 'PRO-19100', 29359.12, 1, 105016.27),
	(246, 'VEN-19122', 'PRO-19100', 29481.07, 1, 105481.07),
	(247, 'VEN-19126', 'PRO-19104', 29603.01, 1, 105945.87),
	(248, 'VEN-19129', 'PRO-19106', 29724.95, 5, 106410.67),
	(249, 'VEN-19108', 'PRO-19108', 29846.90, 3, 106875.47),
	(250, 'VEN-19108', 'PRO-19100', 29968.84, 5, 107340.27),
	(251, 'VEN-19126', 'PRO-19100', 30090.78, 5, 107805.07),
	(252, 'VEN-19119', 'PRO-19100', 30212.72, 3, 108269.87),
	(253, 'VEN-19117', 'PRO-19104', 30334.67, 3, 108734.67),
	(254, 'VEN-19104', 'PRO-19106', 30456.61, 3, 109199.47),
	(255, 'VEN-19125', 'PRO-19108', 30578.55, 4, 109664.27),
	(256, 'VEN-19124', 'PRO-19100', 30700.50, 3, 110129.07),
	(257, 'VEN-19106', 'PRO-19100', 30822.44, 4, 110593.87),
	(258, 'VEN-19115', 'PRO-19100', 30944.38, 1, 111058.67),
	(259, 'VEN-19101', 'PRO-19104', 31066.32, 2, 111523.47),
	(261, 'VEN-19112', 'PRO-19108', 31310.21, 3, 112453.07),
	(262, 'VEN-19109', 'PRO-19100', 31432.15, 4, 112917.87),
	(263, 'VEN-19122', 'PRO-19100', 31554.10, 4, 113382.67),
	(264, 'VEN-19108', 'PRO-19100', 31676.04, 1, 113847.47),
	(265, 'VEN-19104', 'PRO-19104', 31797.98, 2, 114312.27),
	(266, 'VEN-19124', 'PRO-19106', 31919.92, 3, 114777.07),
	(267, 'VEN-19103', 'PRO-19108', 32041.87, 3, 115241.87),
	(268, 'VEN-19124', 'PRO-19100', 32163.81, 5, 115706.67),
	(269, 'VEN-19127', 'PRO-19100', 32285.75, 4, 116171.47),
	(270, 'VEN-19101', 'PRO-19100', 32407.70, 1, 116636.27),
	(271, 'VEN-19118', 'PRO-19104', 32529.64, 4, 117101.07),
	(272, 'VEN-19117', 'PRO-19106', 32651.58, 4, 117565.87),
	(273, 'VEN-19104', 'PRO-19108', 32773.52, 5, 118030.67),
	(274, 'VEN-19119', 'PRO-19100', 32895.47, 5, 118495.47),
	(275, 'VEN-19103', 'PRO-19100', 33017.41, 4, 118960.27),
	(277, 'VEN-19117', 'PRO-19104', 33261.30, 3, 119889.87),
	(278, 'VEN-19115', 'PRO-19106', 33383.24, 4, 120354.67),
	(279, 'VEN-19128', 'PRO-19108', 33505.18, 1, 120819.47),
	(281, 'VEN-19129', 'PRO-19100', 33749.07, 5, 121749.07),
	(282, 'VEN-19103', 'PRO-19100', 33871.01, 2, 122213.87),
	(283, 'VEN-19127', 'PRO-19104', 33992.95, 1, 122678.67),
	(284, 'VEN-19103', 'PRO-19106', 34114.90, 2, 123143.47),
	(285, 'VEN-19105', 'PRO-19108', 34236.84, 1, 123608.27),
	(286, 'VEN-19127', 'PRO-19100', 34358.78, 1, 124073.07),
	(287, 'VEN-19113', 'PRO-19100', 34480.72, 3, 124537.87),
	(288, 'VEN-19124', 'PRO-19100', 34602.67, 1, 125002.67),
	(290, 'VEN-19104', 'PRO-19106', 34846.55, 4, 125932.27),
	(291, 'VEN-19119', 'PRO-19108', 34968.50, 1, 126397.07),
	(292, 'VEN-19105', 'PRO-19100', 35090.44, 4, 126861.87),
	(293, 'VEN-19103', 'PRO-19100', 35212.38, 3, 127326.67),
	(294, 'VEN-19120', 'PRO-19100', 35334.32, 5, 127791.47),
	(295, 'VEN-19109', 'PRO-19104', 35456.27, 2, 128256.27),
	(296, 'VEN-19108', 'PRO-19106', 35578.21, 2, 128721.07),
	(297, 'VEN-19129', 'PRO-19108', 35700.15, 2, 129185.87),
	(298, 'VEN-19125', 'PRO-19100', 35822.10, 1, 129650.67),
	(299, 'VEN-19122', 'PRO-19100', 35944.04, 2, 130115.47),
	(300, 'VEN-19103', 'PRO-19100', 36065.98, 4, 130580.27),
	(301, 'VEN-19121', 'PRO-19104', 36187.92, 2, 131045.07),
	(302, 'VEN-19125', 'PRO-19106', 36309.87, 4, 131509.87),
	(303, 'VEN-19117', 'PRO-19108', 36431.81, 1, 131974.67),
	(304, 'VEN-19120', 'PRO-19100', 36553.75, 1, 132439.47),
	(305, 'VEN-19103', 'PRO-19100', 36675.70, 4, 132904.27),
	(306, 'VEN-19108', 'PRO-19100', 36797.64, 3, 133369.07),
	(307, 'VEN-19125', 'PRO-19104', 36919.58, 4, 133833.87),
	(308, 'VEN-19116', 'PRO-19106', 37041.52, 2, 134298.67),
	(309, 'VEN-19109', 'PRO-19108', 37163.47, 4, 134763.47),
	(310, 'VEN-19118', 'PRO-19100', 37285.41, 5, 135228.27),
	(311, 'VEN-19124', 'PRO-19100', 37407.35, 5, 135693.07),
	(313, 'VEN-19112', 'PRO-19104', 37651.24, 2, 136622.67),
	(314, 'VEN-19106', 'PRO-19106', 37773.18, 1, 137087.47),
	(315, 'VEN-19127', 'PRO-19108', 37895.12, 5, 137552.27),
	(316, 'VEN-19104', 'PRO-19100', 38017.07, 2, 138017.07),
	(317, 'VEN-19120', 'PRO-19100', 38139.01, 2, 138481.87),
	(318, 'VEN-19128', 'PRO-19100', 38260.95, 4, 138946.67),
	(319, 'VEN-19130', 'PRO-19104', 38382.90, 1, 139411.47),
	(320, 'VEN-19122', 'PRO-19106', 38504.84, 5, 139876.27),
	(321, 'VEN-19104', 'PRO-19108', 38626.78, 2, 140341.07),
	(322, 'VEN-19108', 'PRO-19100', 38748.72, 4, 140805.87),
	(323, 'VEN-19120', 'PRO-19100', 38870.67, 1, 141270.67),
	(324, 'VEN-19109', 'PRO-19100', 38992.61, 3, 141735.47),
	(325, 'VEN-19105', 'PRO-19104', 39114.55, 3, 142200.27),
	(326, 'VEN-19113', 'PRO-19106', 39236.50, 1, 142665.07),
	(327, 'VEN-19109', 'PRO-19108', 39358.44, 3, 143129.87),
	(328, 'VEN-19110', 'PRO-19100', 39480.38, 2, 143594.67),
	(329, 'VEN-19112', 'PRO-19100', 39602.32, 4, 144059.47),
	(330, 'VEN-19117', 'PRO-19100', 39724.27, 3, 144524.27),
	(332, 'VEN-19127', 'PRO-19106', 39968.15, 3, 145453.87),
	(333, 'VEN-19118', 'PRO-19108', 40090.10, 1, 145918.67),
	(334, 'VEN-19110', 'PRO-19100', 40212.04, 2, 146383.47),
	(335, 'VEN-19102', 'PRO-19100', 40333.98, 5, 146848.27),
	(336, 'VEN-19108', 'PRO-19100', 40455.92, 5, 147313.07),
	(338, 'VEN-19105', 'PRO-19106', 40699.81, 4, 148242.67),
	(339, 'VEN-19108', 'PRO-19108', 40821.75, 5, 148707.47),
	(340, 'VEN-19106', 'PRO-19100', 40943.70, 1, 149172.27),
	(341, 'VEN-19112', 'PRO-19100', 41065.64, 1, 149637.07),
	(342, 'VEN-19126', 'PRO-19100', 41187.58, 2, 150101.87),
	(343, 'VEN-19130', 'PRO-19104', 41309.52, 2, 150566.67),
	(344, 'VEN-19122', 'PRO-19106', 41431.47, 3, 151031.47),
	(345, 'VEN-19105', 'PRO-19108', 41553.41, 2, 151496.27),
	(346, 'VEN-19126', 'PRO-19100', 41675.35, 3, 151961.07),
	(347, 'VEN-19128', 'PRO-19100', 41797.30, 5, 152425.87),
	(348, 'VEN-19127', 'PRO-19100', 41919.24, 4, 152890.67),
	(349, 'VEN-19125', 'PRO-19104', 42041.18, 3, 153355.47),
	(350, 'VEN-19109', 'PRO-19106', 42163.12, 2, 153820.27),
	(351, 'VEN-19116', 'PRO-19108', 42285.07, 3, 154285.07),
	(352, 'VEN-19116', 'PRO-19100', 42407.01, 4, 154749.87),
	(353, 'VEN-19101', 'PRO-19100', 42528.95, 3, 155214.67),
	(354, 'VEN-19117', 'PRO-19100', 42650.90, 5, 155679.47),
	(355, 'VEN-19130', 'PRO-19104', 42772.84, 4, 156144.27),
	(356, 'VEN-19108', 'PRO-19106', 42894.78, 1, 156609.07),
	(357, 'VEN-19125', 'PRO-19108', 43016.72, 3, 157073.87),
	(358, 'VEN-19110', 'PRO-19100', 43138.67, 4, 157538.67),
	(359, 'VEN-19109', 'PRO-19100', 43260.61, 5, 158003.47),
	(360, 'VEN-19159', 'PRO-19104', 4200.00, 1, 4200.00),
	(361, 'VEN-19160', 'PRO-19104', 4200.00, 3, 12600.00),
	(362, 'VEN-19161', 'PRO-19104', 4200.00, 1, 4200.00),
	(363, 'VEN-19162', 'PRO-19106', 5600.00, 1, 5600.00),
	(364, 'VEN-19163', 'PRO-19106', 5600.00, 1, 5600.00),
	(365, 'VEN-19164', 'PRO-19106', 5600.00, 3, 16800.00),
	(366, 'VEN-19165', 'PRO-19106', 5600.00, 1, 5600.00),
	(367, 'VEN-19166', 'PRO-19106', 5600.00, 1, 5600.00),
	(368, 'VEN-19167', 'PRO-19108', 2156.00, 1, 2156.00),
	(369, 'VEN-19168', 'PRO-19108', 2156.00, 1, 2156.00),
	(370, 'VEN-19169', 'PRO-19108', 2156.00, 1, 2156.00),
	(371, 'VEN-19170', 'PRO-19104', 4200.00, 1, 4200.00),
	(372, 'VEN-19171', 'PRO-19104', 4200.00, 1, 4200.00),
	(373, 'VEN-19171', 'PRO-19106', 5600.00, 1, 5600.00),
	(374, 'VEN-19171', 'PRO-19108', 2156.00, 1, 2156.00),
	(375, 'VEN-19171', 'PRO-19110', 1540.00, 2, 3080.00),
	(376, 'VEN-19171', 'PRO-19116', 3640.00, 2, 7280.00),
	(377, 'VEN-19171', 'PRO-19118', 3094.00, 4, 12376.00),
	(378, 'VEN-19171', 'PRO-19138', 5390.00, 1, 5390.00),
	(379, 'VEN-19171', 'PRO-19134', 7840.00, 1, 7840.00),
	(380, 'VEN-19172', 'PRO-19106', 5600.00, 1, 5600.00),
	(381, 'VEN-19172', 'PRO-19108', 2156.00, 1, 2156.00),
	(382, 'VEN-19172', 'PRO-19110', 1540.00, 3, 4620.00),
	(383, 'VEN-19173', 'PRO-19102', 6300.00, 1, 6300.00),
	(384, 'VEN-19174', 'PRO-19102', 6300.00, 1, 6300.00),
	(385, 'VEN-19175', 'PRO-19102', 6300.00, 4, 25200.00),
	(386, 'VEN-19175', 'PRO-19100', 1200.00, 1, 1200.00),
	(389, 'VEN-19176', 'PRO-19100', 1200.00, 7, 8400.00),
	(390, 'VEN-19176', 'PRO-19102', 6300.00, 8, 50400.00),
	(391, 'VEN-19177', 'PRO-19106', 5600.00, 1, 5600.00),
	(392, 'VEN-19177', 'PRO-19108', 2156.00, 1, 2156.00),
	(393, 'VEN-19177', 'PRO-19110', 1540.00, 1, 1540.00);
/*!40000 ALTER TABLE `venta_detalle` ENABLE KEYS */;

/*!40101 SET SQL_MODE=IFNULL(@OLD_SQL_MODE, '') */;
/*!40014 SET FOREIGN_KEY_CHECKS=IF(@OLD_FOREIGN_KEY_CHECKS IS NULL, 1, @OLD_FOREIGN_KEY_CHECKS) */;
/*!40101 SET CHARACTER_SET_CLIENT=@OLD_CHARACTER_SET_CLIENT */;
